Tanggal,Jam,Tanggal Jam,Total Pasien,Sembuh,Meninggal,Self Isolation,Masih Perawatan,Menunggu Hasil,Tenaga Kesehatan Terinfeksi,Positif Harian,Positif Aktif,Sembuh Harian,Tanpa Gejala,Bergejala,Belum Ada Data
2020-03-01 00:00:00,18.0,2020-03-01 18:00:00,0,0,0,0,0,0.0,0.0,0,0,0,0.0,0.0,0.0
2020-03-02 00:00:00,18.0,2020-03-02 18:00:00,0,0,0,0,0,0.0,0.0,0,0,0,0.0,0.0,0.0
2020-03-03 00:00:00,18.0,2020-03-03 18:00:00,3,0,1,0,2,0.0,0.0,3,2,0,0.0,0.0,0.0
2020-03-04 00:00:00,18.0,2020-03-04 18:00:00,3,0,1,0,2,0.0,0.0,0,2,0,0.0,0.0,0.0
2020-03-05 00:00:00,18.0,2020-03-05 18:00:00,7,0,3,0,4,0.0,0.0,4,4,0,0.0,0.0,0.0
2020-03-06 00:00:00,18.0,2020-03-06 18:00:00,7,0,3,0,4,0.0,0.0,0,4,0,0.0,0.0,0.0
2020-03-07 00:00:00,18.0,2020-03-07 18:00:00,7,0,3,0,4,0.0,0.0,0,4,0,0.0,0.0,0.0
2020-03-08 00:00:00,18.0,2020-03-08 18:00:00,7,0,3,0,4,0.0,0.0,0,4,0,0.0,0.0,0.0
2020-03-09 00:00:00,18.0,2020-03-09 18:00:00,34,0,3,0,31,0.0,0.0,27,31,0,0.0,0.0,0.0
2020-03-10 00:00:00,18.0,2020-03-10 18:00:00,34,0,3,0,31,0.0,0.0,0,31,0,0.0,0.0,0.0
2020-03-11 00:00:00,18.0,2020-03-11 18:00:00,36,0,3,0,33,0.0,0.0,2,33,0,0.0,0.0,0.0
2020-03-12 00:00:00,18.0,2020-03-12 18:00:00,62,0,5,0,57,0.0,0.0,26,57,0,0.0,0.0,0.0
2020-03-13 00:00:00,18.0,2020-03-13 18:00:00,72,0,7,0,65,0.0,0.0,10,65,0,0.0,0.0,0.0
2020-03-14 00:00:00,18.0,2020-03-14 18:00:00,79,0,9,0,70,0.0,0.0,7,70,0,0.0,0.0,0.0
2020-03-15 00:00:00,18.0,2020-03-15 18:00:00,95,0,11,0,84,0.0,0.0,16,84,0,0.0,0.0,0.0
2020-03-16 00:00:00,18.0,2020-03-16 18:00:00,97,0,12,7,78,0.0,0.0,2,85,0,0.0,0.0,0.0
2020-03-17 00:00:00,18.0,2020-03-17 18:00:00,122,0,12,27,83,0.0,0.0,25,110,0,0.0,0.0,0.0
2020-03-18 00:00:00,18.0,2020-03-18 18:00:00,160,12,15,42,91,0.0,0.0,38,133,12,0.0,0.0,0.0
2020-03-19 00:00:00,18.0,2020-03-19 18:00:00,210,13,19,57,121,0.0,0.0,50,178,1,0.0,0.0,0.0
2020-03-20 00:00:00,18.0,2020-03-20 18:00:00,224,13,20,66,125,345.0,25.0,14,191,0,0.0,0.0,0.0
2020-03-21 00:00:00,8.0,2020-03-21 08:00:00,268,17,23,71,157,375.0,28.0,44,228,4,0.0,0.0,0.0
2020-03-22 00:00:00,8.0,2020-03-22 08:00:00,304,21,29,77,177,393.0,37.0,36,254,4,0.0,0.0,0.0
2020-03-23 00:00:00,8.0,2020-03-23 08:00:00,355,22,29,79,225,431.0,42.0,51,304,1,0.0,0.0,0.0
2020-03-24 00:00:00,18.0,2020-03-24 18:00:00,426,23,34,109,260,445.0,44.0,71,369,1,0.0,0.0,0.0
2020-03-25 00:00:00,18.0,2020-03-25 18:00:00,472,27,43,112,290,479.0,47.0,46,402,4,0.0,0.0,0.0
2020-03-26 00:00:00,18.0,2020-03-26 18:00:00,515,29,49,113,324,0.0,0.0,43,437,2,0.0,0.0,0.0
2020-03-27 00:00:00,18.0,2020-03-27 18:00:00,566,31,57,132,346,0.0,0.0,51,478,2,0.0,0.0,0.0
2020-03-28 00:00:00,18.0,2020-03-28 18:00:00,603,43,62,134,364,0.0,0.0,37,498,12,0.0,0.0,0.0
2020-03-29 00:00:00,18.0,2020-03-29 18:00:00,701,48,67,151,435,0.0,0.0,98,586,5,0.0,0.0,0.0
2020-03-30 00:00:00,18.0,2020-03-30 18:00:00,727,49,78,151,449,0.0,0.0,26,600,1,0.0,0.0,0.0
2020-03-31 00:00:00,18.0,2020-03-31 18:00:00,741,49,84,157,451,0.0,0.0,14,608,0,0.0,0.0,0.0
2020-04-01 00:00:00,18.0,2020-04-01 18:00:00,816,51,90,176,499,0.0,0.0,75,675,2,0.0,0.0,0.0
2020-04-02 00:00:00,18.0,2020-04-02 18:00:00,909,54,95,195,565,0.0,0.0,93,760,3,0.0,0.0,0.0
2020-04-03 00:00:00,8.0,2020-04-03 08:00:00,990,56,98,209,627,0.0,0.0,81,836,2,0.0,0.0,0.0
2020-04-04 00:00:00,18.0,2020-04-04 18:00:00,1071,58,99,223,691,0.0,0.0,81,914,2,0.0,0.0,0.0
2020-04-05 00:00:00,18.0,2020-04-05 18:00:00,1151,64,123,279,685,0.0,0.0,80,964,6,0.0,0.0,0.0
2020-04-06 00:00:00,18.0,2020-04-06 18:00:00,1299,68,131,317,783,0.0,0.0,148,1100,4,0.0,0.0,0.0
2020-04-07 00:00:00,18.0,2020-04-07 18:00:00,1443,69,141,338,895,0.0,0.0,144,1233,1,0.0,0.0,0.0
2020-04-08 00:00:00,18.0,2020-04-08 18:00:00,1552,75,144,357,976,0.0,0.0,109,1333,6,0.0,0.0,0.0
2020-04-09 00:00:00,18.0,2020-04-09 18:00:00,1719,82,155,405,1077,0.0,0.0,167,1482,7,0.0,0.0,0.0
2020-04-10 00:00:00,18.0,2020-04-10 18:00:00,1810,82,156,433,1139,0.0,0.0,91,1572,0,0.0,0.0,0.0
2020-04-11 00:00:00,8.0,2020-04-11 08:00:00,1903,142,168,441,1152,0.0,0.0,93,1593,60,0.0,0.0,0.0
2020-04-12 00:00:00,8.0,2020-04-12 08:00:00,2082,142,195,468,1277,0.0,0.0,179,1745,0,0.0,0.0,0.0
2020-04-13 00:00:00,8.0,2020-04-13 08:00:00,2242,142,209,521,1370,0.0,0.0,160,1891,0,0.0,0.0,0.0
2020-04-14 00:00:00,8.0,2020-04-14 08:00:00,2349,163,243,558,1385,0.0,0.0,107,1943,21,0.0,0.0,0.0
2020-04-15 00:00:00,8.0,2020-04-15 08:00:00,2447,164,246,613,1424,0.0,0.0,98,2037,1,0.0,0.0,0.0
2020-04-16 00:00:00,8.0,2020-04-16 08:00:00,2670,202,248,619,1601,0.0,0.0,223,2220,38,0.0,0.0,0.0
2020-04-17 00:00:00,8.0,2020-04-17 08:00:00,2823,203,250,643,1727,0.0,0.0,153,2370,1,0.0,0.0,0.0
2020-04-18 00:00:00,8.0,2020-04-18 08:00:00,2902,206,257,670,1769,0.0,0.0,79,2439,3,0.0,0.0,0.0
2020-04-19 00:00:00,8.0,2020-04-19 08:00:00,3033,207,292,695,1839,0.0,0.0,131,2534,1,0.0,0.0,0.0
2020-04-20 00:00:00,8.0,2020-04-20 08:00:00,3112,237,297,752,1826,0.0,0.0,79,2578,30,0.0,0.0,0.0
2020-04-21 00:00:00,8.0,2020-04-21 08:00:00,3279,286,305,753,1935,0.0,0.0,167,2688,49,0.0,0.0,0.0
2020-04-22 00:00:00,8.0,2020-04-22 08:00:00,3399,291,308,815,1985,0.0,0.0,120,2800,5,0.0,0.0,0.0
2020-04-23 00:00:00,8.0,2020-04-23 08:00:00,3506,292,316,888,2010,0.0,0.0,107,2898,1,0.0,0.0,0.0
2020-04-24 00:00:00,8.0,2020-04-24 08:00:00,3605,327,331,959,1988,0.0,0.0,99,2947,35,0.0,0.0,0.0
2020-04-25 00:00:00,8.0,2020-04-25 08:00:00,3681,334,350,1050,1947,0.0,0.0,76,2997,7,0.0,0.0,0.0
2020-04-26 00:00:00,8.0,2020-04-26 08:00:00,3746,338,357,1099,1952,0.0,0.0,65,3051,4,0.0,0.0,0.0
2020-04-27 00:00:00,8.0,2020-04-27 08:00:00,3832,338,375,1169,1950,0.0,0.0,86,3119,0,0.0,0.0,0.0
2020-04-28 00:00:00,8.0,2020-04-28 08:00:00,3950,341,379,1206,2024,0.0,0.0,118,3230,3,0.0,0.0,0.0
2020-04-29 00:00:00,8.0,2020-04-29 08:00:00,4033,412,381,1238,2002,0.0,0.0,83,3240,71,0.0,0.0,0.0
2020-04-30 00:00:00,8.0,2020-04-30 08:00:00,4138,412,381,1272,2073,0.0,0.0,105,3345,0,0.0,0.0,0.0
2020-05-01 00:00:00,8.0,2020-05-01 08:00:00,4283,427,393,1312,2151,0.0,0.0,145,3463,15,0.0,0.0,0.0
2020-05-02 00:00:00,8.0,2020-05-02 08:00:00,4355,562,400,1304,2089,0.0,0.0,72,3393,135,0.0,0.0,0.0
2020-05-03 00:00:00,8.0,2020-05-03 08:00:00,4417,622,410,1323,2062,0.0,0.0,62,3385,60,0.0,0.0,0.0
2020-05-04 00:00:00,8.0,2020-05-04 08:00:00,4472,650,412,1330,2080,0.0,0.0,55,3410,28,0.0,0.0,0.0
2020-05-05 00:00:00,8.0,2020-05-05 08:00:00,4641,711,414,1370,2146,0.0,0.0,169,3516,61,0.0,0.0,0.0
2020-05-06 00:00:00,8.0,2020-05-06 08:00:00,4709,713,420,1381,2195,0.0,0.0,68,3576,2,0.0,0.0,0.0
2020-05-07 00:00:00,8.0,2020-05-07 08:00:00,4775,718,430,1431,2196,0.0,0.0,66,3627,5,0.0,0.0,0.0
2020-05-08 00:00:00,8.0,2020-05-08 08:00:00,4901,763,431,1426,2281,0.0,0.0,126,3707,45,0.0,0.0,0.0
2020-05-09 00:00:00,8.0,2020-05-09 08:00:00,4958,767,437,1442,2312,0.0,0.0,57,3754,4,0.0,0.0,0.0
2020-05-10 00:00:00,8.0,2020-05-10 08:00:00,5140,803,444,1533,2360,0.0,0.0,182,3893,36,0.0,0.0,0.0
2020-05-11 00:00:00,8.0,2020-05-11 08:00:00,5195,836,453,1648,2258,0.0,0.0,55,3906,33,0.0,0.0,0.0
2020-05-12 00:00:00,8.0,2020-05-12 08:00:00,5303,1262,457,1741,1843,0.0,0.0,108,3584,426,0.0,0.0,0.0
2020-05-13 00:00:00,8.0,2020-05-13 08:00:00,5437,1277,461,1866,1833,0.0,0.0,134,3699,15,0.0,0.0,0.0
2020-05-14 00:00:00,8.0,2020-05-14 08:00:00,5617,1279,466,1995,1877,0.0,0.0,180,3872,2,0.0,0.0,0.0
2020-05-15 00:00:00,8.0,2020-05-15 08:00:00,5679,1286,474,2019,1900,0.0,0.0,62,3919,7,0.0,0.0,0.0
2020-05-16 00:00:00,8.0,2020-05-16 08:00:00,5795,1292,475,2120,1908,0.0,0.0,116,4028,6,0.0,0.0,0.0
2020-05-17 00:00:00,8.0,2020-05-17 08:00:00,5922,1295,478,2217,1932,0.0,0.0,127,4149,3,0.0,0.0,0.0
2020-05-18 00:00:00,8.0,2020-05-18 08:00:00,5996,1301,483,2266,1946,0.0,0.0,74,4212,6,0.0,0.0,0.0
2020-05-19 00:00:00,8.0,2020-05-19 08:00:00,6053,1417,487,2213,1936,0.0,0.0,57,4149,116,0.0,0.0,0.0
2020-05-20 00:00:00,8.0,2020-05-20 08:00:00,6150,1425,493,2263,1969,0.0,0.0,97,4232,8,0.0,0.0,0.0
2020-05-21 00:00:00,8.0,2020-05-21 08:00:00,6220,1536,498,2231,1955,0.0,0.0,70,4186,111,0.0,0.0,0.0
2020-05-22 00:00:00,8.0,2020-05-22 08:00:00,6316,1558,501,2282,1975,0.0,0.0,96,4257,22,0.0,0.0,0.0
2020-05-23 00:00:00,8.0,2020-05-23 08:00:00,6443,1587,504,2346,2006,0.0,0.0,127,4352,29,0.0,0.0,0.0
2020-05-24 00:00:00,8.0,2020-05-24 08:00:00,6561,1594,505,2431,2031,0.0,0.0,118,4462,7,0.0,0.0,0.0
2020-05-25 00:00:00,8.0,2020-05-25 08:00:00,6628,1648,506,2430,2044,0.0,0.0,67,4474,54,0.0,0.0,0.0
2020-05-26 00:00:00,8.0,2020-05-26 08:00:00,6689,1678,508,2459,2044,0.0,0.0,61,4503,30,0.0,0.0,0.0
2020-05-27 00:00:00,8.0,2020-05-27 08:00:00,6826,1698,510,2584,2034,0.0,0.0,137,4618,20,0.0,0.0,0.0
2020-05-28 00:00:00,8.0,2020-05-28 08:00:00,6929,1719,514,2641,2055,0.0,0.0,103,4696,21,0.0,0.0,0.0
2020-05-29 00:00:00,8.0,2020-05-29 08:00:00,7053,1807,517,2722,2007,0.0,0.0,124,4729,88,0.0,0.0,0.0
2020-05-30 00:00:00,8.0,2020-05-30 08:00:00,7151,2003,519,2781,1848,0.0,0.0,98,4629,196,0.0,0.0,0.0
2020-05-31 00:00:00,8.0,2020-05-31 08:00:00,7272,2102,520,2827,1823,0.0,0.0,121,4650,99,0.0,0.0,0.0
2020-06-01 00:00:00,8.0,2020-06-01 08:00:00,7383,2246,521,2822,1794,0.0,0.0,111,4616,144,0.0,0.0,0.0
2020-06-02 00:00:00,8.0,2020-06-02 08:00:00,7459,2405,525,2786,1743,0.0,0.0,76,4529,159,0.0,0.0,0.0
2020-06-03 00:00:00,8.0,2020-06-03 08:00:00,7539,2534,529,2777,1699,0.0,0.0,80,4476,129,0.0,0.0,0.0
2020-06-04 00:00:00,8.0,2020-06-04 08:00:00,7600,2607,530,2793,1670,0.0,0.0,61,4463,73,0.0,0.0,0.0
2020-06-05 00:00:00,8.0,2020-06-05 08:00:00,7684,2751,532,2768,1633,0.0,0.0,84,4401,144,0.0,0.0,0.0
2020-06-06 00:00:00,8.0,2020-06-06 08:00:00,7786,2840,535,2776,1635,0.0,0.0,102,4411,89,0.0,0.0,0.0
2020-06-07 00:00:00,8.0,2020-06-07 08:00:00,7946,3170,537,2794,1445,0.0,0.0,160,4239,330,0.0,0.0,0.0
2020-06-08 00:00:00,8.0,2020-06-08 08:00:00,8037,3205,538,2846,1448,0.0,0.0,91,4294,35,0.0,0.0,0.0
2020-06-09 00:00:00,8.0,2020-06-09 08:00:00,8276,3369,547,2918,1442,0.0,0.0,239,4360,164,0.0,0.0,0.0
2020-06-10 00:00:00,8.0,2020-06-10 08:00:00,8423,3517,551,2928,1427,0.0,0.0,147,4355,148,0.0,0.0,0.0
2020-06-11 00:00:00,8.0,2020-06-11 08:00:00,8552,3664,555,2887,1446,0.0,0.0,129,4333,147,0.0,0.0,0.0
2020-06-12 00:00:00,8.0,2020-06-12 08:00:00,8628,3780,561,2863,1424,0.0,0.0,76,4287,116,0.0,0.0,0.0
2020-06-13 00:00:00,8.0,2020-06-13 08:00:00,8748,3840,564,2925,1419,0.0,0.0,120,4344,60,0.0,0.0,0.0
2020-06-14 00:00:00,8.0,2020-06-14 08:00:00,8863,4091,571,2833,1368,0.0,0.0,115,4201,251,0.0,0.0,0.0
2020-06-15 00:00:00,8.0,2020-06-15 08:00:00,8968,4198,580,2800,1390,0.0,0.0,105,4190,107,0.0,0.0,0.0
2020-06-16 00:00:00,8.0,2020-06-16 08:00:00,9092,4329,583,2764,1416,0.0,0.0,124,4180,131,0.0,0.0,0.0
2020-06-17 00:00:00,8.0,2020-06-17 08:00:00,9209,4444,588,2775,1402,0.0,0.0,117,4177,115,0.0,0.0,0.0
2020-06-18 00:00:00,8.0,2020-06-18 08:00:00,9385,4592,594,2822,1377,0.0,0.0,176,4199,148,0.0,0.0,0.0
2020-06-19 00:00:00,8.0,2020-06-19 08:00:00,9525,4682,599,2862,1382,0.0,0.0,140,4244,90,0.0,0.0,0.0
2020-06-20 00:00:00,8.0,2020-06-20 08:00:00,9703,4821,603,2939,1340,0.0,0.0,178,4279,139,0.0,0.0,0.0
2020-06-21 00:00:00,8.0,2020-06-21 08:00:00,9830,5054,615,2874,1287,0.0,0.0,127,4161,233,0.0,0.0,0.0
2020-06-22 00:00:00,8.0,2020-06-22 08:00:00,9957,5128,618,2901,1310,0.0,0.0,127,4211,74,0.0,0.0,0.0
2020-06-23 00:00:00,8.0,2020-06-23 08:00:00,10123,5228,619,2957,1319,0.0,0.0,166,4276,100,0.0,0.0,0.0
2020-06-24 00:00:00,8.0,2020-06-24 08:00:00,10277,5322,628,2978,1349,0.0,0.0,154,4327,94,0.0,0.0,0.0
2020-06-25 00:00:00,8.0,2020-06-25 08:00:00,10472,5435,631,3068,1338,0.0,0.0,195,4406,113,0.0,0.0,0.0
2020-06-26 00:00:00,8.0,2020-06-26 08:00:00,10640,5542,632,3136,1330,0.0,0.0,168,4466,107,0.0,0.0,0.0
2020-06-27 00:00:00,8.0,2020-06-27 08:00:00,10853,5610,632,3256,1355,0.0,0.0,213,4611,68,0.0,0.0,0.0
2020-06-28 00:00:00,8.0,2020-06-28 08:00:00,10985,5865,635,3163,1322,0.0,0.0,132,4485,255,0.0,0.0,0.0
2020-06-29 00:00:00,8.0,2020-06-29 08:00:00,11080,6118,636,3299,1027,0.0,0.0,95,4326,253,0.0,0.0,0.0
2020-06-30 00:00:00,8.0,2020-06-30 08:00:00,11276,6512,641,3172,951,0.0,0.0,196,4123,394,0.0,0.0,0.0
2020-07-01 00:00:00,8.0,2020-07-01 08:00:00,11482,6680,644,3269,889,0.0,0.0,206,4158,168,0.0,0.0,0.0
2020-07-02 00:00:00,8.0,2020-07-02 08:00:00,11677,6871,646,3356,804,0.0,0.0,195,4160,191,0.0,0.0,0.0
2020-07-03 00:00:00,8.0,2020-07-03 08:00:00,11824,7109,648,3331,736,0.0,0.0,147,4067,238,0.0,0.0,0.0
2020-07-04 00:00:00,8.0,2020-07-04 08:00:00,12039,7377,650,3366,646,0.0,0.0,215,4012,268,0.0,0.0,0.0
2020-07-05 00:00:00,8.0,2020-07-05 08:00:00,12295,7663,658,3390,584,0.0,0.0,256,3974,286,0.0,0.0,0.0
2020-07-06 00:00:00,8.0,2020-07-06 08:00:00,12526,8033,658,3340,495,0.0,0.0,231,3835,370,0.0,0.0,0.0
2020-07-07 00:00:00,8.0,2020-07-07 08:00:00,12725,8277,664,3379,405,0.0,0.0,199,3784,244,0.0,0.0,0.0
2020-07-08 00:00:00,8.0,2020-07-08 08:00:00,13069,8429,667,3556,417,0.0,0.0,344,3973,152,0.0,0.0,0.0
2020-07-09 00:00:00,8.0,2020-07-09 08:00:00,13359,8647,677,3584,451,0.0,0.0,290,4035,218,0.0,0.0,0.0
2020-07-10 00:00:00,8.0,2020-07-10 08:00:00,13598,8825,684,3613,476,0.0,0.0,239,4089,178,0.0,0.0,0.0
2020-07-11 00:00:00,8.0,2020-07-11 08:00:00,13957,9040,690,3732,495,0.0,0.0,359,4227,215,0.0,0.0,0.0
2020-07-12 00:00:00,8.0,2020-07-12 08:00:00,14361,9200,702,3905,554,0.0,0.0,404,4459,160,0.0,0.0,0.0
2020-07-13 00:00:00,8.0,2020-07-13 08:00:00,14639,9408,710,3924,597,0.0,0.0,278,4521,208,0.0,0.0,0.0
2020-07-14 00:00:00,8.0,2020-07-14 08:00:00,14914,9528,714,4053,619,0.0,0.0,275,4672,120,0.0,0.0,0.0
2020-07-15 00:00:00,8.0,2020-07-15 08:00:00,15173,9721,720,4041,691,0.0,0.0,259,4732,193,0.0,0.0,0.0
2020-07-16 00:00:00,8.0,2020-07-16 08:00:00,15466,9857,722,4110,777,0.0,0.0,293,4887,136,0.0,0.0,0.0
2020-07-17 00:00:00,8.0,2020-07-17 08:00:00,15707,9994,731,4156,826,0.0,0.0,241,4982,137,0.0,0.0,0.0
2020-07-18 00:00:00,8.0,2020-07-18 08:00:00,16038,10117,740,4289,892,0.0,0.0,331,5181,123,0.0,0.0,0.0
2020-07-19 00:00:00,8.0,2020-07-19 08:00:00,16351,10444,748,4236,923,0.0,0.0,313,5159,327,8503.0,5362.0,2486.0
2020-07-20 00:00:00,8.0,2020-07-20 08:00:00,16712,10602,749,4335,1026,0.0,0.0,361,5361,158,8356.0,5760.0,2596.0
2020-07-21 00:00:00,8.0,2020-07-21 08:00:00,17153,10864,758,4458,1073,0.0,0.0,441,5531,262,8577.0,5832.0,2744.0
2020-07-22 00:00:00,8.0,2020-07-22 08:00:00,17529,11187,766,4383,1193,0.0,0.0,376,5576,323,8767.0,5962.0,2800.0
2020-07-23 00:00:00,8.0,2020-07-23 08:00:00,17945,11302,767,4675,1201,0.0,0.0,416,5876,115,8770.0,6283.0,2892.0
2020-07-24 00:00:00,8.0,2020-07-24 08:00:00,18230,11585,768,4577,1300,0.0,0.0,285,5877,283,8770.0,6283.0,3177.0
2020-07-25 00:00:00,8.0,2020-07-25 08:00:00,18623,11715,769,4729,1410,0.0,0.0,393,6139,130,8939.0,6332.0,3352.0
2020-07-26 00:00:00,8.0,2020-07-26 08:00:00,19001,11889,779,4842,1491,0.0,0.0,378,6333,174,9120.0,6460.0,3421.0
2020-07-27 00:00:00,8.0,2020-07-27 08:00:00,19473,11996,782,4993,1702,0.0,0.0,472,6695,107,9348.0,6621.0,3504.0
2020-07-28 00:00:00,8.0,2020-07-28 08:00:00,19885,12373,795,4869,1848,0.0,0.0,412,6717,377,9348.0,6621.0,3916.0
2020-07-29 00:00:00,8.0,2020-07-29 08:00:00,20470,12613,820,5093,1944,0.0,0.0,585,7037,240,9620.0,6960.0,3890.0
2020-07-30 00:00:00,8.0,2020-07-30 08:00:00,20769,12801,821,5098,2049,0.0,0.0,299,7147,188,9625.0,6854.0,4290.0
2020-07-31 00:00:00,8.0,2020-07-31 08:00:00,21201,13208,836,4974,2183,0.0,0.0,432,7157,407,9753.0,6996.0,4452.0
2020-08-01 00:00:00,8.0,2020-08-01 08:00:00,21575,13887,852,4683,2153,0.0,0.0,374,6836,679,9718.0,7110.0,4747.0
2020-08-02 00:00:00,8.0,2020-08-02 08:00:00,21954,14027,852,4916,2159,0.0,0.0,379,7075,140,9879.0,7245.0,4830.0
2020-08-03 00:00:00,8.0,2020-08-03 08:00:00,22443,14165,867,5084,2327,0.0,0.0,489,7411,138,10099.0,7406.0,4938.0
2020-08-04 00:00:00,8.0,2020-08-04 08:00:00,22909,14381,880,5216,2432,0.0,0.0,466,7648,216,10079.0,7560.0,5270.0
2020-08-05 00:00:00,8.0,2020-08-05 08:00:00,23266,14760,895,5128,2483,0.0,0.0,357,7611,379,10279.0,7617.0,5370.0
2020-08-06 00:00:00,8.0,2020-08-06 08:00:00,23863,15006,908,5397,2552,0.0,0.0,597,7949,246,10450.0,7636.0,5777.0
2020-08-07 00:00:00,8.0,2020-08-07 08:00:00,24521,15201,922,5803,2595,0.0,0.0,658,8398,195,10570.0,7836.0,6115.0
2020-08-08 00:00:00,8.0,2020-08-08 08:00:00,25242,15710,934,6110,2488,0.0,0.0,721,8598,509,11106.0,8077.0,6059.0
2020-08-09 00:00:00,8.0,2020-08-09 08:00:00,25714,16268,939,6091,2416,0.0,0.0,472,8507,558,14143.0,8077.0,3494.0
2020-08-10 00:00:00,8.0,2020-08-10 08:00:00,26193,16446,940,6252,2555,0.0,0.0,479,8807,178,14400.0,8381.0,3412.0
2020-08-11 00:00:00,8.0,2020-08-11 08:00:00,26664,16927,953,6236,2548,0.0,0.0,471,8784,481,14665.0,8532.0,3467.0
2020-08-12 00:00:00,8.0,2020-08-12 08:00:00,27242,17349,968,6208,2717,0.0,0.0,578,8925,422,14983.0,8717.0,3542.0
2020-08-13 00:00:00,8.0,2020-08-13 08:00:00,27863,17838,981,6330,2714,0.0,0.0,621,9044,489,15324.0,8916.0,3623.0
2020-08-14 00:00:00,8.0,2020-08-14 08:00:00,28438,18528,985,6331,2594,0.0,0.0,575,8925,690,15324.0,8916.0,4198.0
2020-08-15 00:00:00,8.0,2020-08-15 08:00:00,29036,18974,991,6457,2614,0.0,0.0,598,9071,446,16118.0,8992.0,3926.0
2020-08-16 00:00:00,8.0,2020-08-16 08:00:00,29554,19708,995,6284,2567,0.0,0.0,518,8851,734,16250.0,9457.0,3847.0
2020-08-17 00:00:00,8.0,2020-08-17 08:00:00,30092,19916,1011,6514,2651,0.0,0.0,538,9165,208,16551.0,9630.0,3911.0
2020-08-18 00:00:00,8.0,2020-08-18 08:00:00,30597,20505,1028,6602,2462,0.0,0.0,505,9064,589,16820.0,9680.0,4097.0
2020-08-19 00:00:00,8.0,2020-08-19 08:00:00,31162,21069,1046,6488,2559,0.0,0.0,565,9047,564,17099.0,9972.0,4091.0
2020-08-20 00:00:00,8.0,2020-08-20 08:00:00,31757,21795,1061,6357,2544,0.0,0.0,595,8901,726,17300.0,10102.0,4355.0
2020-08-21 00:00:00,8.0,2020-08-21 08:00:00,32398,22228,1076,6518,2576,0.0,0.0,641,9094,433,17500.0,10102.0,4796.0
2020-08-22 00:00:00,8.0,2020-08-22 08:00:00,32999,22877,1091,6269,2762,0.0,0.0,601,9031,649,18100.0,10409.0,4490.0
2020-08-23 00:00:00,8.0,2020-08-23 08:00:00,33636,23567,1107,6040,2922,0.0,0.0,637,8962,690,18399.0,10633.0,4604.0
2020-08-24 00:00:00,8.0,2020-08-24 08:00:00,34295,25463,1112,5090,2630,0.0,0.0,659,7720,1896,18688.0,10874.0,4733.0
2020-08-25 00:00:00,8.0,2020-08-25 08:00:00,34931,25986,1129,5130,2686,0.0,0.0,636,7816,523,18788.0,10913.0,5230.0
2020-08-26 00:00:00,8.0,2020-08-26 08:00:00,35642,26750,1144,4978,2770,0.0,0.0,711,7748,764,19088.0,11113.0,5441.0
2020-08-27 00:00:00,8.0,2020-08-27 08:00:00,36462,28288,1147,4499,2528,0.0,0.0,820,7027,1538,19308.0,11313.0,5841.0
2020-08-28 00:00:00,8.0,2020-08-28 08:00:00,37278,29169,1154,4128,2827,0.0,0.0,816,6955,881,20500.0,11513.0,5265.0
2020-08-29 00:00:00,8.0,2020-08-29 08:00:00,38166,29768,1172,4414,2812,0.0,0.0,888,7226,599,20991.0,11713.0,5462.0
2020-08-30 00:00:00,8.0,2020-08-30 08:00:00,39280,30134,1186,4945,3015,0.0,0.0,1114,7960,366,21491.0,11827.0,5962.0
2020-08-31 00:00:00,8.0,2020-08-31 08:00:00,40309,30538,1202,5281,3288,0.0,0.0,1029,8569,404,20500.0,12027.0,7782.0
2020-09-01 00:00:00,8.0,2020-09-01 08:00:00,41250,31267,1219,5423,3341,0.0,0.0,941,8764,729,20500.0,12027.0,8723.0
2020-09-02 00:00:00,8.0,2020-09-02 08:00:00,42303,31741,1237,5757,3568,0.0,0.0,1053,9325,474,23553.0,12327.0,6423.0
2020-09-03 00:00:00,8.0,2020-09-03 08:00:00,43709,32424,1253,6323,3709,0.0,0.0,1406,10032,683,23953.0,12827.0,6929.0
2020-09-04 00:00:00,8.0,2020-09-04 08:00:00,44604,33260,1260,6257,3827,0.0,0.0,895,10084,836,24507.0,13027.0,7070.0
2020-09-05 00:00:00,8.0,2020-09-05 08:00:00,45446,33991,1277,6501,3677,0.0,0.0,842,10178,731,25000.0,14409.0,6037.0
2020-09-06 00:00:00,8.0,2020-09-06 08:00:00,46691,34738,1289,6582,4082,0.0,0.0,1245,10664,747,25600.0,13941.0,7150.0
2020-09-07 00:00:00,8.0,2020-09-07 08:00:00,47796,35431,1318,6706,4341,0.0,0.0,1105,11047,693,26005.0,14241.0,7550.0
2020-09-08 00:00:00,8.0,2020-09-08 08:00:00,48811,36451,1330,6598,4432,0.0,0.0,1015,11030,1020,26005.0,14241.0,8565.0
2020-09-09 00:00:00,8.0,2020-09-09 08:00:00,49837,37245,1347,6691,4554,0.0,0.0,1026,11245,794,27502.0,14441.0,7894.0
2020-09-10 00:00:00,8.0,2020-09-10 08:00:00,51287,38226,1365,6968,4728,0.0,0.0,1450,11696,981,28502.0,14841.0,7944.0
2020-09-11 00:00:00,8.0,2020-09-11 08:00:00,52321,39115,1382,7143,4681,0.0,0.0,1034,11824,889,28902.0,18741.0,4678.0
2020-09-12 00:00:00,8.0,2020-09-12 08:00:00,53761,40183,1404,7490,4684,0.0,0.0,1440,12174,1068,29253.0,19041.0,5467.0
2020-09-13 00:00:00,8.0,2020-09-13 08:00:00,54864,41014,1410,7791,4649,0.0,0.0,1103,12440,831,29553.0,19733.0,5578.0
2020-09-14 00:00:00,8.0,2020-09-14 08:00:00,55926,42325,1440,7530,4631,0.0,0.0,1062,12161,1311,6885.0,1947.0,3329.0
2020-09-15 00:00:00,8.0,2020-09-15 08:00:00,56953,43306,1468,7711,4468,0.0,0.0,1027,12179,981,7058.0,1947.0,3174.0
2020-09-16 00:00:00,8.0,2020-09-16 08:00:00,58458,44251,1498,7907,4802,0.0,0.0,1505,12709,945,1673.0,6900.0,4136.0
2020-09-17 00:00:00,8.0,2020-09-17 08:00:00,59472,45207,1513,8013,4739,0.0,0.0,1014,12752,956,6128.0,1749.0,4875.0
2020-09-18 00:00:00,8.0,2020-09-18 08:00:00,60875,46235,1535,8450,4655,0.0,0.0,1403,13105,1028,6989.0,2638.0,3478.0
2020-09-19 00:00:00,8.0,2020-09-19 08:00:00,61807,47260,1546,8696,4305,0.0,0.0,932,13001,1025,6296.0,5873.0,832.0
2020-09-20 00:00:00,8.0,2020-09-20 08:00:00,62886,49209,1561,8297,3819,0.0,0.0,1079,12116,1949,6278.0,5301.0,537.0
2020-09-21 00:00:00,8.0,2020-09-21 08:00:00,64196,49630,1592,9225,3749,0.0,0.0,1310,12974,421,6278.0,5301.0,1395.0
2020-09-22 00:00:00,8.0,2020-09-22 08:00:00,65318,50473,1624,9380,3841,0.0,0.0,1122,13221,843,6871.0,4917.0,1433.0
2020-09-23 00:00:00,8.0,2020-09-23 08:00:00,66505,51578,1650,9611,3666,0.0,0.0,1187,13277,1105,6278.0,5301.0,1698.0
2020-09-24 00:00:00,8.0,2020-09-24 08:00:00,67638,52742,1664,9714,3518,0.0,0.0,1133,13232,1164,6555.0,4277.0,2400.0
2020-09-25 00:00:00,8.0,2020-09-25 08:00:00,68927,54352,1677,10027,2871,0.0,0.0,1289,12898,1610,6334.0,4076.0,2488.0
2020-09-26 00:00:00,8.0,2020-09-26 08:00:00,70184,55350,1679,10594,2561,0.0,0.0,1257,13155,998,7220.0,3550.0,2385.0
2020-09-27 00:00:00,8.0,2020-09-27 08:00:00,71370,56413,1692,10915,2350,0.0,0.0,1186,13265,1063,6976.0,3738.0,2551.0
2020-09-28 00:00:00,8.0,2020-09-28 08:00:00,72177,57741,1704,10474,2258,0.0,0.0,807,12732,1328,6678.0,5701.0,353.0
2020-09-29 00:00:00,8.0,2020-09-29 08:00:00,73309,58865,1718,10659,2067,0.0,0.0,1132,12726,1124,7001.0,3226.0,2499.0
2020-09-30 00:00:00,8.0,2020-09-30 08:00:00,74368,60320,1731,10353,1964,0.0,0.0,1059,12317,1455,5962.0,3124.0,3231.0
2020-10-01 00:00:00,8.0,2020-10-01 08:00:00,75521,61444,1737,10545,1795,0.0,0.0,1153,12340,1124,5972.0,3826.0,2542.0
2020-10-02 00:00:00,8.0,2020-10-02 08:00:00,76619,62279,1740,10496,2104,0.0,0.0,1098,12600,835,5932.0,3726.0,2942.0
2020-10-03 00:00:00,8.0,2020-10-03 08:00:00,77784,63286,1743,10652,2103,0.0,0.0,1165,12755,1007,5773.0,3747.0,3235.0
2020-10-04 00:00:00,8.0,2020-10-04 08:00:00,79214,64319,1761,11091,2043,0.0,0.0,1430,13134,1033,6329.0,3552.0,3253.0
2020-10-05 00:00:00,8.0,2020-10-05 08:00:00,80036,65295,1772,10912,2057,0.0,0.0,822,12969,976,6565.0,3260.0,3144.0
2020-10-06 00:00:00,8.0,2020-10-06 08:00:00,81043,66315,1806,10787,2135,0.0,0.0,1007,12922,1020,6714.0,3228.0,2980.0
2020-10-07 00:00:00,8.0,2020-10-07 08:00:00,82383,67310,1819,10807,2447,0.0,0.0,1340,13254,995,6671.0,3465.0,3118.0
2020-10-08 00:00:00,8.0,2020-10-08 08:00:00,83392,68352,1838,10717,2485,0.0,0.0,1009,13202,1042,7041.0,3280.0,2881.0
2020-10-09 00:00:00,8.0,2020-10-09 08:00:00,84364,69203,1860,10746,2555,0.0,0.0,972,13301,851,7008.0,3362.0,2931.0
2020-10-10 00:00:00,8.0,2020-10-10 08:00:00,85617,70487,1877,10698,2555,0.0,0.0,1253,13253,1284,6779.0,3164.0,3310.0
2020-10-11 00:00:00,8.0,2020-10-11 08:00:00,87006,71549,1901,10863,2693,0.0,0.0,1389,13556,1062,6802.0,4018.0,2736.0
2020-10-12 00:00:00,8.0,2020-10-12 08:00:00,88174,72633,1922,10814,2805,0.0,0.0,1168,13619,1084,6867.0,4160.0,2592.0
2020-10-13 00:00:00,8.0,2020-10-13 08:00:00,89228,73733,1944,10908,2643,0.0,0.0,1054,13551,1100,7393.0,4150.0,2008.0
2020-10-14 00:00:00,8.0,2020-10-14 08:00:00,90266,74924,1961,10822,2559,0.0,0.0,1038,13381,1191,7023.0,4633.0,1725.0
2020-10-15 00:00:00,8.0,2020-10-15 08:00:00,91337,75974,1984,10636,2743,0.0,0.0,1071,13379,1050,6900.0,4804.0,1675.0
2020-10-16 00:00:00,8.0,2020-10-16 08:00:00,92382,76956,2008,10498,2920,0.0,0.0,1045,13418,982,6753.0,5174.0,1491.0
2020-10-17 00:00:00,8.0,2020-10-17 08:00:00,93356,78062,2032,10591,2671,0.0,0.0,974,13262,1106,6376.0,5611.0,1275.0
2020-10-18 00:00:00,8.0,2020-10-18 08:00:00,94327,79136,2051,10782,2358,0.0,0.0,971,13140,1074,6505.0,5891.0,744.0
2020-10-19 00:00:00,8.0,2020-10-19 08:00:00,95253,80261,2064,10325,2603,0.0,0.0,926,12928,1125,6185.0,5755.0,988.0
2020-10-20 00:00:00,8.0,2020-10-20 08:00:00,96217,81107,2086,10292,2732,0.0,0.0,964,13024,846,6557.0,5747.0,720.0
2020-10-21 00:00:00,8.0,2020-10-21 08:00:00,97217,82178,2105,10273,2661,0.0,0.0,1000,12934,1071,6577.0,5568.0,789.0
2020-10-22 00:00:00,8.0,2020-10-22 08:00:00,98206,83338,2120,9980,2768,0.0,0.0,989,12748,1160,6530.0,5475.0,743.0
2020-10-23 00:00:00,8.0,2020-10-23 08:00:00,99158,84430,2138,9604,2986,0.0,0.0,952,12590,1092,6366.0,5428.0,796.0
2020-10-24 00:00:00,8.0,2020-10-24 08:00:00,100220,85586,2153,9557,2924,0.0,0.0,1062,12481,1156,5974.0,5541.0,966.0
2020-10-25 00:00:00,8.0,2020-10-25 08:00:00,100991,86815,2164,9151,2861,0.0,0.0,771,12012,1229,6137.0,5091.0,784.0
2020-10-26 00:00:00,8.0,2020-10-26 08:00:00,101897,87977,2185,8960,2775,0.0,0.0,906,11735,1162,6083.0,4900.0,752.0
2020-10-27 00:00:00,8.0,2020-10-27 08:00:00,102678,89060,2195,8743,2680,0.0,0.0,781,11423,1083,5947.0,4834.0,642.0
2020-10-28 00:00:00,8.0,2020-10-28 08:00:00,103522,90157,2211,8438,2716,0.0,0.0,844,11154,1097,5630.0,4955.0,569.0
2020-10-29 00:00:00,8.0,2020-10-29 08:00:00,104235,91235,2225,7951,2824,0.0,0.0,713,10775,1078,5410.0,4478.0,887.0
2020-10-30 00:00:00,8.0,2020-10-30 08:00:00,104847,92312,2239,7457,2839,0.0,0.0,612,10296,1077,5410.0,4478.0,408.0
2020-10-31 00:00:00,8.0,2020-10-31 08:00:00,105597,94434,2255,6524,2384,0.0,0.0,750,8908,2122,4462.0,4446.0,0.0
2020-11-01 00:00:00,8.0,2020-11-01 08:00:00,106205,94819,2273,6935,2178,0.0,0.0,608,9113,385,4106.0,4142.0,865.0
2020-11-02 00:00:00,8.0,2020-11-02 08:00:00,107229,95876,2291,7312,1750,0.0,0.0,1024,9062,1057,3987.0,4258.0,817.0
2020-11-03 00:00:00,8.0,2020-11-03 08:00:00,107846,96902,2300,6844,1800,0.0,0.0,617,8644,1026,3935.0,4108.0,601.0
2020-11-04 00:00:00,8.0,2020-11-04 08:00:00,108620,97833,2315,6665,1807,0.0,0.0,774,8472,931,3627.0,4456.0,389.0
2020-11-05 00:00:00,8.0,2020-11-05 08:00:00,109411,98806,2331,6260,2014,0.0,0.0,791,8274,973,3398.0,4262.0,614.0
2020-11-06 00:00:00,8.0,2020-11-06 08:00:00,110083,99830,2348,6050,1855,0.0,0.0,672,7905,1024,3266.0,4257.0,382.0
2020-11-07 00:00:00,8.0,2020-11-07 08:00:00,111201,100816,2359,6159,1867,0.0,0.0,1118,8026,986,3049.0,4205.0,772.0
2020-11-08 00:00:00,8.0,2020-11-08 08:00:00,112027,101791,2366,6338,1532,0.0,0.0,826,7870,975,2640.0,3833.0,1397.0
2020-11-09 00:00:00,8.0,2020-11-09 08:00:00,112743,102844,2377,6050,1472,0.0,0.0,716,7522,1053,3336.0,3628.0,558.0
2020-11-10 00:00:00,8.0,2020-11-10 08:00:00,113756,104144,2391,5724,1497,0.0,0.0,1013,7221,1300,3213.0,3580.0,428.0
2020-11-11 00:00:00,8.0,2020-11-11 08:00:00,114343,105117,2403,5161,1662,0.0,0.0,587,6823,973,2915.0,3518.0,390.0
2020-11-12 00:00:00,8.0,2020-11-12 08:00:00,115174,106189,2414,4878,1693,0.0,0.0,831,6571,1072,2884.0,3204.0,483.0
2020-11-13 00:00:00,8.0,2020-11-13 08:00:00,116207,107147,2428,5028,1604,0.0,0.0,1033,6632,958,2821.0,3193.0,618.0
2020-11-14 00:00:00,8.0,2020-11-14 08:00:00,117462,108209,2441,4710,2102,0.0,0.0,1255,6812,1062,2714.0,3197.0,901.0
2020-11-15 00:00:00,8.0,2020-11-15 08:00:00,118627,109181,2448,4952,2046,0.0,0.0,1165,6998,972,2556.0,3659.0,783.0
2020-11-16 00:00:00,8.0,2020-11-16 08:00:00,119633,110221,2455,4420,2537,0.0,0.0,1006,6957,1040,2540.0,3784.0,633.0
2020-11-17 00:00:00,8.0,2020-11-17 08:00:00,120671,111096,2459,4355,2761,0.0,0.0,1038,7116,875,2652.0,3732.0,732.0
2020-11-18 00:00:00,8.0,2020-11-18 08:00:00,121818,111948,2470,4619,2781,0.0,0.0,1147,7400,852,2325.0,3757.0,1318.0
2020-11-19 00:00:00,8.0,2020-11-19 08:00:00,123003,112833,2484,4633,3053,0.0,0.0,1185,7686,885,2788.0,4099.0,799.0
2020-11-20 00:00:00,8.0,2020-11-20 08:00:00,124243,113739,2501,4616,3387,0.0,0.0,1240,8003,906,3024.0,4198.0,781.0
2020-11-21 00:00:00,8.0,2020-11-21 08:00:00,125822,114863,2515,5323,3121,0.0,0.0,1579,8444,1124,3160.0,4255.0,1029.0
2020-11-22 00:00:00,8.0,2020-11-22 08:00:00,127164,115939,2531,5529,3165,0.0,0.0,1342,8694,1076,3322.0,4550.0,822.0
2020-11-23 00:00:00,8.0,2020-11-23 08:00:00,128173,117003,2548,5592,3030,0.0,0.0,1009,8622,1064,2816.0,4185.0,1621.0
2020-11-24 00:00:00,8.0,2020-11-24 08:00:00,129188,118062,2567,5518,3041,0.0,0.0,1015,8559,1059,3438.0,4556.0,565.0
2020-11-25 00:00:00,8.0,2020-11-25 08:00:00,130461,119099,2584,6000,2778,0.0,0.0,1273,8778,1037,3527.0,4520.0,731.0
2020-11-26 00:00:00,8.0,2020-11-26 08:00:00,131525,120287,2597,5876,2765,0.0,0.0,1064,8641,1188,3710.0,4292.0,639.0
2020-11-27 00:00:00,8.0,2020-11-27 08:00:00,132961,121082,2614,6653,2612,0.0,0.0,1436,9265,795,3711.0,4647.0,907.0
2020-11-28 00:00:00,8.0,2020-11-28 08:00:00,134331,122328,2632,6921,2450,0.0,0.0,1370,9371,1246,3938.0,4524.0,909.0
2020-11-29 00:00:00,8.0,2020-11-29 08:00:00,135762,123163,2652,7608,2339,0.0,0.0,1431,9947,835,3536.0,4544.0,1867.0
2020-11-30 00:00:00,8.0,2020-11-30 08:00:00,136861,124078,2671,7823,2289,0.0,0.0,1099,10112,915,4307.0,5027.0,778.0
2020-12-01 00:00:00,8.0,2020-12-01 08:00:00,137919,125102,2689,7937,2191,0.0,0.0,1058,10128,1024,2655.0,5973.0,1500.0
2020-12-02 00:00:00,8.0,2020-12-02 08:00:00,139085,126163,2710,8202,2010,0.0,0.0,1166,10212,1061,1067.0,8586.0,559.0
2020-12-03 00:00:00,8.0,2020-12-03 08:00:00,140238,127136,2734,8155,2213,0.0,0.0,1153,10368,973,1542.0,8082.0,744.0
2020-12-04 00:00:00,8.0,2020-12-04 08:00:00,141270,128051,2757,8073,2389,0.0,0.0,1032,10462,915,2094.0,7764.0,604.0
2020-12-05 00:00:00,8.0,2020-12-05 08:00:00,142630,129067,2779,8623,2161,0.0,0.0,1360,10784,1016,2622.0,7195.0,967.0
2020-12-06 00:00:00,8.0,2020-12-06 08:00:00,143961,130136,2799,8819,2207,0.0,0.0,1331,11026,1069,2622.0,6359.0,2045.0
2020-12-07 00:00:00,8.0,2020-12-07 08:00:00,145427,131071,2823,9473,2060,0.0,0.0,1466,11533,935,4058.0,6696.0,779.0
2020-12-08 00:00:00,8.0,2020-12-08 08:00:00,146601,132248,2842,9650,1861,0.0,0.0,1174,11511,1177,4550.0,6276.0,685.0
2020-12-09 00:00:00,8.0,2020-12-09 08:00:00,147838,133318,2860,9703,1957,0.0,0.0,1237,11660,1070,5308.0,6015.0,337.0
2020-12-10 00:00:00,8.0,2020-12-10 08:00:00,149018,134366,2880,9391,2381,0.0,0.0,1180,11772,1048,4801.0,5773.0,1198.0
2020-12-11 00:00:00,8.0,2020-12-11 08:00:00,150250,135545,2902,9078,2725,0.0,0.0,1232,11803,1179,5016.0,5939.0,848.0
2020-12-12 00:00:00,8.0,2020-12-12 08:00:00,151201,136489,2922,8822,2968,0.0,0.0,951,11790,944,5189.0,5782.0,819.0
2020-12-13 00:00:00,8.0,2020-12-13 08:00:00,152499,137605,2941,8679,3274,0.0,0.0,1298,11953,1116,4585.0,5653.0,1715.0
2020-12-14 00:00:00,8.0,2020-12-14 08:00:00,154065,138988,2963,8994,3120,0.0,0.0,1566,12114,1383,3776.0,5697.0,2641.0
2020-12-15 00:00:00,8.0,2020-12-15 08:00:00,155122,140225,2990,8643,3264,0.0,0.0,1057,11907,1237,5008.0,6217.0,682.0
2020-12-16 00:00:00,8.0,2020-12-16 08:00:00,156343,141365,3010,8263,3705,0.0,0.0,1221,11968,1140,5054.0,6224.0,690.0
2020-12-17 00:00:00,8.0,2020-12-17 08:00:00,158033,142741,3027,7851,4414,0.0,0.0,1690,12265,1376,5082.0,5985.0,1198.0
2020-12-18 00:00:00,8.0,2020-12-18 08:00:00,159620,143959,3048,7673,4940,0.0,0.0,1587,12613,1218,4568.0,5792.0,2253.0
2020-12-19 00:00:00,8.0,2020-12-19 08:00:00,161519,145066,3068,8112,5273,0.0,0.0,1899,13385,1107,5825.0,6099.0,1461.0
2020-12-20 00:00:00,8.0,2020-12-20 08:00:00,163111,146958,3087,8057,5009,0.0,0.0,1592,13066,1892,6216.0,5831.0,1019.0
2020-12-21 00:00:00,8.0,2020-12-21 08:00:00,164577,148308,3097,8366,4806,0.0,0.0,1466,13172,1350,6200.0,6046.0,926.0
2020-12-22 00:00:00,8.0,2020-12-22 08:00:00,165888,149691,3115,8620,4462,0.0,0.0,1311,13082,1383,6119.0,6078.0,885.0
2020-12-23 00:00:00,8.0,2020-12-23 08:00:00,167842,151122,3130,8643,4947,0.0,0.0,1954,13590,1431,6110.0,6391.0,1089.0
2020-12-24 00:00:00,8.0,2020-12-24 08:00:00,169775,152491,3146,8833,5305,0.0,0.0,1933,14138,1369,6596.0,7011.0,531.0
2020-12-25 00:00:00,8.0,2020-12-25 08:00:00,171871,154242,3167,8720,5742,0.0,0.0,2096,14462,1751,6206.0,6903.0,1353.0
2020-12-26 00:00:00,8.0,2020-12-26 08:00:00,173929,156798,3182,9439,4510,0.0,0.0,2058,13949,2556,5885.0,6691.0,1373.0
2020-12-27 00:00:00,8.0,2020-12-27 08:00:00,175926,158615,3204,9655,4452,0.0,0.0,1997,14107,1817,4651.0,6495.0,2961.0
2020-12-28 00:00:00,8.0,2020-12-28 08:00:00,177604,159878,3226,9919,4581,0.0,0.0,1678,14500,1263,4046.0,6567.0,3887.0
2020-12-29 00:00:00,8.0,2020-12-29 08:00:00,179660,161337,3246,10018,5059,0.0,0.0,2056,15077,1459,6545.0,7026.0,1506.0
2020-12-30 00:00:00,8.0,2020-12-30 08:00:00,181713,162911,3266,9882,5654,0.0,0.0,2053,15536,1574,7010.0,7122.0,1404.0
2020-12-31 00:00:00,8.0,2020-12-31 08:00:00,183735,164881,3287,9746,5821,0.0,0.0,2022,15567,1970,6069.0,6831.0,2667.0
2021-01-01 00:00:00,8.0,2021-01-01 08:00:00,185691,166512,3308,10082,5789,0.0,0.0,1956,15871,1631,7785.0,6572.0,1514.0
2021-01-02 00:00:00,8.0,2021-01-02 08:00:00,187586,168781,3334,10872,4599,0.0,0.0,1895,15471,2269,8034.0,6168.0,1269.0
2021-01-03 00:00:00,8.0,2021-01-03 08:00:00,189243,170510,3345,10978,4410,0.0,0.0,1657,15388,1729,8035.0,6104.0,1249.0
2021-01-04 00:00:00,8.0,2021-01-04 08:00:00,191075,173036,3369,10371,4299,0.0,0.0,1832,14670,2526,7364.0,6234.0,1072.0
2021-01-05 00:00:00,8.0,2021-01-05 08:00:00,192899,174131,3392,10897,4479,0.0,0.0,1824,15376,1095,6820.0,6139.0,2417.0
2021-01-06 00:00:00,8.0,2021-01-06 08:00:00,195301,175441,3410,12196,4254,0.0,0.0,2402,16450,1310,8688.0,7762.0,0.0
2021-01-07 00:00:00,8.0,2021-01-07 08:00:00,197699,176882,3435,12781,4601,0.0,0.0,2398,17382,1441,7848.0,8006.0,1528.0
2021-01-08 00:00:00,8.0,2021-01-08 08:00:00,200658,179562,3463,13397,4236,0.0,0.0,2959,17633,2680,7272.0,8628.0,1733.0
2021-01-09 00:00:00,8.0,2021-01-09 08:00:00,203411,181613,3485,13076,5237,0.0,0.0,2753,18313,2051,6781.0,9628.0,1904.0
2021-01-10 00:00:00,8.0,2021-01-10 08:00:00,206122,184576,3517,13166,4863,0.0,0.0,2711,18029,2963,6284.0,9914.0,1831.0
2021-01-11 00:00:00,8.0,2021-01-11 08:00:00,208583,187086,3551,13541,4405,0.0,0.0,2461,17946,2510,5180.0,9246.0,3520.0
2021-01-12 00:00:00,8.0,2021-01-12 08:00:00,211252,188675,3589,14591,4397,0.0,0.0,2669,18988,1589,6861.0,10618.0,1509.0
2021-01-13 00:00:00,8.0,2021-01-13 08:00:00,214728,191635,3634,15009,4450,0.0,0.0,3476,19459,2960,6757.0,10186.0,2516.0
2021-01-14 00:00:00,8.0,2021-01-14 08:00:00,217893,193719,3675,15852,4647,0.0,0.0,3165,20499,2084,5878.0,10055.0,4566.0
2021-01-15 00:00:00,8.0,2021-01-15 08:00:00,220434,195924,3710,15553,5247,0.0,0.0,2541,20800,2205,5182.0,9366.0,6252.0
2021-01-16 00:00:00,8.0,2021-01-16 08:00:00,223970,198136,3745,17524,4565,0.0,0.0,3536,22089,2212,6820.0,13159.0,2110.0
2021-01-17 00:00:00,8.0,2021-01-17 08:00:00,227365,201907,3779,16741,4938,0.0,0.0,3395,21679,3771,7281.0,12302.0,2096.0
2021-01-18 00:00:00,8.0,2021-01-18 08:00:00,229726,204711,3815,16419,4781,0.0,0.0,2361,21200,2804,7379.0,12474.0,1347.0
2021-01-19 00:00:00,8.0,2021-01-19 08:00:00,232289,209238,3836,14604,4611,0.0,0.0,2563,19215,4527,7929.0,11280.0,6.0
2021-01-20 00:00:00,8.0,2021-01-20 08:00:00,236075,210983,3868,16389,4835,0.0,0.0,3786,21224,1745,7496.0,12015.0,1713.0
2021-01-21 00:00:00,8.0,2021-01-21 08:00:00,239226,213570,3900,16966,4790,0.0,0.0,3151,21756,2587,8865.0,10856.0,2035.0
2021-01-22 00:00:00,8.0,2021-01-22 08:00:00,243018,215719,3940,17752,5607,0.0,0.0,3792,23359,2149,9171.0,11421.0,2767.0
2021-01-23 00:00:00,8.0,2021-01-23 08:00:00,246303,219287,3980,18657,4379,0.0,0.0,3285,23036,3568,7706.0,10272.0,5058.0
2021-01-24 00:00:00,8.0,2021-01-24 08:00:00,249815,221567,4024,19554,4670,0.0,0.0,3512,24224,2280,8723.0,13240.0,2261.0
2021-01-25 00:00:00,8.0,2021-01-25 08:00:00,252266,224071,4063,19869,4263,0.0,0.0,2451,24132,2504,8589.0,14100.0,1443.0
2021-01-26 00:00:00,8.0,2021-01-26 08:00:00,254580,227010,4108,19432,4030,0.0,0.0,2314,23462,2939,8165.0,13551.0,1746.0
2021-01-27 00:00:00,8.0,2021-01-27 08:00:00,256416,229981,4134,18528,3773,0.0,0.0,1836,22301,2971,7212.0,13819.0,1270.0
2021-01-28 00:00:00,8.0,2021-01-28 08:00:00,259305,232701,4185,18473,3946,0.0,0.0,2889,22419,2720,6806.0,13859.0,1754.0
2021-01-29 00:00:00,8.0,2021-01-29 08:00:00,262753,235140,4224,19381,4008,0.0,0.0,3448,23389,2439,6741.0,14531.0,2117.0
2021-01-30 00:00:00,8.0,2021-01-30 08:00:00,266244,238395,4254,20539,3056,0.0,0.0,3491,23595,3255,7498.0,13874.0,2223.0
2021-01-31 00:00:00,8.0,2021-01-31 08:00:00,269718,242069,4267,19272,4110,0.0,0.0,3474,23382,3674,8724.0,12104.0,2554.0
2021-02-01 00:00:00,8.0,2021-02-01 08:00:00,273332,244202,4337,19824,4969,0.0,0.0,3614,24793,2133,8474.0,11274.0,5045.0
2021-02-02 00:00:00,8.0,2021-02-02 08:00:00,276694,248515,4379,18925,4875,0.0,0.0,3362,23800,4313,6725.0,10372.0,6703.0
2021-02-03 00:00:00,8.0,2021-02-03 08:00:00,280261,249810,4420,21863,4168,0.0,0.0,3567,26031,1295,9409.0,14435.0,2187.0
2021-02-04 00:00:00,8.0,2021-02-04 08:00:00,283893,254155,4461,20419,4858,0.0,0.0,3632,25277,4345,7759.0,12670.0,4848.0
2021-02-05 00:00:00,8.0,2021-02-05 08:00:00,287233,256702,4502,21191,4838,0.0,0.0,3340,26029,2547,9050.0,15663.0,1316.0
2021-02-06 00:00:00,8.0,2021-02-06 08:00:00,289612,261027,4541,19325,4719,0.0,0.0,2379,24044,4325,7093.0,15579.0,1372.0
2021-02-07 00:00:00,8.0,2021-02-07 08:00:00,293825,265369,4587,17958,5911,0.0,0.0,4213,23869,4342,5882.0,15947.0,2040.0
2021-02-08 00:00:00,8.0,2021-02-08 08:00:00,296969,268785,4631,17766,5787,0.0,0.0,3144,23553,3416,4966.0,14527.0,4060.0
2021-02-09 00:00:00,8.0,2021-02-09 08:00:00,300406,271573,4681,18174,5978,0.0,0.0,3437,24152,2788,4266.0,13500.0,6386.0
2021-02-10 00:00:00,8.0,2021-02-10 08:00:00,303715,274817,4725,16676,7497,0.0,0.0,3309,24173,3244,3260.0,12165.0,8748.0
2021-02-11 00:00:00,8.0,2021-02-11 08:00:00,306229,278822,4748,14119,8540,0.0,0.0,2514,22659,4005,2149.0,11293.0,9217.0
2021-02-12 00:00:00,8.0,2021-02-12 08:00:00,310039,284579,4798,10774,9888,0.0,0.0,3810,20662,5757,683.0,8683.0,11296.0
2021-02-13 00:00:00,8.0,2021-02-13 08:00:00,313057,289189,4850,9644,9374,0.0,0.0,3018,19018,4610,672.0,7586.0,10760.0
2021-02-14 00:00:00,8.0,2021-02-14 08:00:00,315553,293538,4895,9017,8103,0.0,0.0,2496,17120,4349,1587.0,7605.0,7928.0
2021-02-15 00:00:00,8.0,2021-02-15 08:00:00,317432,295623,4940,8881,7988,0.0,0.0,1879,16869,2085,3876.0,11955.0,1038.0
2021-02-16 00:00:00,8.0,2021-02-16 08:00:00,319293,297695,4987,9042,7569,0.0,0.0,1861,16611,2072,3419.0,10799.0,2393.0
2021-02-17 00:00:00,8.0,2021-02-17 08:00:00,320738,299795,5026,8467,7450,0.0,0.0,1445,15917,2100,2770.0,9442.0,3705.0
2021-02-18 00:00:00,8.0,2021-02-18 08:00:00,321111,302451,5044,7067,6549,0.0,0.0,373,13616,2656,3272.0,10070.0,274.0
2021-02-19 00:00:00,8.0,2021-02-19 08:00:00,323031,304995,5081,7323,5632,0.0,0.0,1920,12955,2544,2840.0,8527.0,1588.0
2021-02-20 00:00:00,8.0,2021-02-20 08:00:00,325903,307759,5121,7165,5858,0.0,0.0,2872,13023,2764,2589.0,8729.0,1705.0
2021-02-21 00:00:00,8.0,2021-02-21 08:00:00,328623,310412,5172,7137,5902,0.0,0.0,2720,13039,2653,1673.0,7851.0,3515.0
2021-02-22 00:00:00,8.0,2021-02-22 08:00:00,331094,312748,5206,7528,5612,0.0,0.0,2471,13140,2336,1156.0,6465.0,5519.0
2021-02-23 00:00:00,8.0,2021-02-23 08:00:00,331876,314563,5248,7126,4939,0.0,0.0,782,12065,1815,605.0,5070.0,6390.0
2021-02-24 00:00:00,8.0,2021-02-24 08:00:00,332658,317003,5301,6008,4346,0.0,0.0,782,10354,2440,75.0,3217.0,7062.0
2021-02-25 00:00:00,8.0,2021-02-25 08:00:00,334239,319326,5346,5499,4068,0.0,0.0,1581,9567,2323,2476.0,4621.0,2470.0
2021-02-26 00:00:00,8.0,2021-02-26 08:00:00,335900,321038,5385,5560,3917,0.0,0.0,1661,9477,1712,1684.0,3764.0,4029.0
2021-02-27 00:00:00,8.0,2021-02-27 08:00:00,337637,322285,5439,5885,4028,0.0,0.0,1737,9913,1247,825.0,3628.0,5460.0
2021-02-28 00:00:00,8.0,2021-02-28 08:00:00,339735,323892,5478,5940,4425,0.0,0.0,2098,10365,1607,161.0,3263.0,6941.0
2021-03-01 00:00:00,8.0,2021-03-01 08:00:00,341793,326509,5528,5891,3865,0.0,0.0,2058,9756,2617,2380.0,6023.0,1353.0
2021-03-02 00:00:00,8.0,2021-03-02 08:00:00,342371,328526,5568,5072,3205,0.0,0.0,578,8277,2017,1581.0,4543.0,2153.0
2021-03-03 00:00:00,8.0,2021-03-03 08:00:00,343808,331016,5613,3742,3437,0.0,0.0,1437,7179,2490,671.0,3358.0,3150.0
2021-03-04 00:00:00,8.0,2021-03-04 08:00:00,345816,332758,5657,3940,3461,0.0,0.0,2008,7401,1742,650.0,2614.0,4137.0
2021-03-05 00:00:00,8.0,2021-03-05 08:00:00,346975,334100,5702,4026,3147,0.0,0.0,1159,7173,1342,376.0,2138.0,4659.0
2021-03-06 00:00:00,8.0,2021-03-06 08:00:00,348591,335617,5748,4228,2998,0.0,0.0,1616,7226,1517,384.0,2191.0,4651.0
2021-03-07 00:00:00,8.0,2021-03-07 08:00:00,350425,337426,5790,4194,3015,0.0,0.0,1834,7209,1809,1409.0,3661.0,2139.0
2021-03-08 00:00:00,8.0,2021-03-08 08:00:00,352208,338931,5838,4494,2945,0.0,0.0,1783,7439,1505,2448.0,4991.0,0.0
2021-03-09 00:00:00,8.0,2021-03-09 08:00:00,353075,340587,5883,3856,2749,0.0,0.0,867,6605,1656,1892.0,4186.0,527.0
2021-03-10 00:00:00,8.0,2021-03-10 08:00:00,354115,341398,5923,3691,3103,0.0,0.0,1040,6794,811,1573.0,3787.0,1434.0
2021-03-11 00:00:00,8.0,2021-03-11 08:00:00,355869,342306,5943,4253,3367,0.0,0.0,1754,7620,908,1577.0,4749.0,1294.0
2021-03-12 00:00:00,8.0,2021-03-12 08:00:00,357742,343351,5969,4670,3752,0.0,0.0,1873,8422,1045,1186.0,4729.0,2507.0
2021-03-13 00:00:00,8.0,2021-03-13 08:00:00,358776,345202,5991,4226,3357,0.0,0.0,1034,7583,1851,1670.0,5243.0,670.0
2021-03-14 00:00:00,8.0,2021-03-14 08:00:00,359980,347210,6026,3443,3301,0.0,0.0,1204,6744,2008,1195.0,4071.0,1478.0
2021-03-15 00:00:00,8.0,2021-03-15 08:00:00,361535,349002,6038,3485,3010,0.0,0.0,1555,6495,1792,1272.0,4142.0,1081.0
2021-03-16 00:00:00,8.0,2021-03-16 08:00:00,362370,350561,6062,2996,2751,0.0,0.0,835,5747,1559,832.0,3301.0,1614.0
2021-03-17 00:00:00,8.0,2021-03-17 08:00:00,363700,351680,6077,2907,3036,0.0,0.0,1330,5943,1119,573.0,2972.0,2398.0
2021-03-18 00:00:00,8.0,2021-03-18 08:00:00,365419,352827,6100,3273,3219,0.0,0.0,1719,6492,1147,246.0,2705.0,3541.0
2021-03-19 00:00:00,8.0,2021-03-19 08:00:00,367007,354036,6120,3483,3368,0.0,0.0,1588,6851,1209,1150.0,4749.0,952.0
2021-03-20 00:00:00,8.0,2021-03-20 08:00:00,368944,355221,6143,3894,3686,0.0,0.0,1937,7580,1185,831.0,4635.0,2114.0
2021-03-21 00:00:00,8.0,2021-03-21 08:00:00,370582,357100,6160,3859,3463,0.0,0.0,1638,7322,1879,551.0,3608.0,3163.0
2021-03-22 00:00:00,8.0,2021-03-22 08:00:00,372056,358826,6179,3775,3276,0.0,0.0,1474,7051,1726,1404.0,4804.0,843.0
2021-03-23 00:00:00,8.0,2021-03-23 08:00:00,372871,360479,6206,3107,3079,0.0,0.0,815,6186,1653,934.0,3766.0,1486.0
2021-03-24 00:00:00,8.0,2021-03-24 08:00:00,373761,362248,6224,2650,2639,0.0,0.0,890,5289,1769,595.0,2663.0,2031.0
2021-03-25 00:00:00,8.0,2021-03-25 08:00:00,375487,362975,6241,3222,3049,0.0,0.0,1726,6271,727,536.0,2664.0,3071.0
2021-03-26 00:00:00,8.0,2021-03-26 08:00:00,376868,363599,6260,3629,3380,0.0,0.0,1381,7009,624,1476.0,4650.0,883.0
2021-03-27 00:00:00,8.0,2021-03-27 08:00:00,378222,364251,6281,3932,3758,0.0,0.0,1354,7690,652,1269.0,4639.0,1782.0
2021-03-28 00:00:00,8.0,2021-03-28 08:00:00,379692,365592,6304,3966,3830,0.0,0.0,1470,7796,1341,906.0,4259.0,2631.0
2021-03-29 00:00:00,8.0,2021-03-29 08:00:00,380706,366615,6324,4034,3733,0.0,0.0,1014,7767,1023,1697.0,5326.0,744.0
2021-03-30 00:00:00,8.0,2021-03-30 08:00:00,381090,367819,6327,3419,3525,0.0,0.0,384,6944,1204,1250.0,4576.0,1118.0
2021-03-31 00:00:00,8.0,2021-03-31 08:00:00,382055,369007,6341,3028,3679,0.0,0.0,965,6707,1188,1005.0,3961.0,1741.0
2021-04-01 00:00:00,8.0,2021-04-01 08:00:00,383392,369929,6344,3447,3672,0.0,0.0,1337,7119,922,705.0,4175.0,2239.0
2021-04-02 00:00:00,8.0,2021-04-02 08:00:00,384632,371254,6351,3433,3594,0.0,0.0,1240,7027,1325,1069.0,5153.0,805.0
2021-04-03 00:00:00,8.0,2021-04-03 08:00:00,385730,372494,6356,3317,3563,0.0,0.0,1098,6880,1240,727.0,4644.0,1509.0
2021-04-04 00:00:00,8.0,2021-04-04 08:00:00,386466,373565,6360,3149,3392,0.0,0.0,736,6541,1071,443.0,4112.0,1986.0
2021-04-05 00:00:00,8.0,2021-04-05 08:00:00,386989,374542,6372,2771,3304,0.0,0.0,523,6075,977,310.0,3452.0,2313.0
2021-04-06 00:00:00,8.0,2021-04-06 08:00:00,387476,375080,6379,2705,3312,0.0,0.0,487,6017,538,177.0,3184.0,2656.0
2021-04-07 00:00:00,8.0,2021-04-07 08:00:00,388338,375651,6391,2814,3482,0.0,0.0,862,6296,571,868.0,4884.0,544.0
2021-04-08 00:00:00,8.0,2021-04-08 08:00:00,389577,376270,6410,3244,3653,0.0,0.0,1239,6897,619,882.0,4700.0,1315.0
2021-04-09 00:00:00,8.0,2021-04-09 08:00:00,390590,376959,6424,3506,3701,0.0,0.0,1013,7207,689,2071.0,4551.0,585.0
2021-04-10 00:00:00,8.0,2021-04-10 08:00:00,391567,377797,6435,3716,3619,0.0,0.0,977,7335,838,1890.0,4165.0,1280.0
2021-04-11 00:00:00,8.0,2021-04-11 08:00:00,392598,379210,6450,3617,3321,0.0,0.0,1031,6938,1413,939.0,4107.0,1892.0
2021-04-12 00:00:00,8.0,2021-04-12 08:00:00,393290,380560,6459,3324,2947,0.0,0.0,692,6271,1350,1973.0,3777.0,521.0
2021-04-13 00:00:00,8.0,2021-04-13 08:00:00,394118,381449,6482,3326,2861,0.0,0.0,828,6187,889,1902.0,3467.0,818.0
2021-04-14 00:00:00,8.0,2021-04-14 08:00:00,394779,382091,6489,3338,2861,0.0,0.0,661,6199,642,1780.0,3178.0,1241.0
2021-04-15 00:00:00,8.0,2021-04-15 08:00:00,396109,382617,6504,3921,3067,0.0,0.0,1330,6988,526,5357.0,745.0,886.0
2021-04-16 00:00:00,8.0,2021-04-16 08:00:00,397088,383655,6513,3607,3313,0.0,0.0,979,6920,1038,1042.0,4370.0,1508.0
2021-04-17 00:00:00,8.0,2021-04-17 08:00:00,398125,384652,6520,3512,3441,0.0,0.0,1037,6953,997,3509.0,1306.0,2138.0
2021-04-18 00:00:00,8.0,2021-04-18 08:00:00,399075,385615,6536,3313,3611,0.0,0.0,950,6924,963,305.0,1481.0,5138.0
2021-04-19 00:00:00,8.0,2021-04-19 08:00:00,400048,386606,6558,3218,3666,0.0,0.0,973,6884,991,2401.0,3843.0,640.0
2021-04-20 00:00:00,8.0,2021-04-20 08:00:00,400508,387507,6569,2945,3487,0.0,0.0,460,6432,901,1593.0,3908.0,931.0
2021-04-21 00:00:00,8.0,2021-04-21 08:00:00,401110,388083,6587,2954,3486,0.0,0.0,602,6440,576,1179.0,3865.0,1396.0
2021-04-22 00:00:00,8.0,2021-04-22 08:00:00,402376,388735,6596,3497,3548,0.0,0.0,1266,7045,652,1136.0,5043.0,866.0
2021-04-23 00:00:00,8.0,2021-04-23 08:00:00,403260,389445,6612,3584,3619,0.0,0.0,884,7203,710,872.0,4778.0,1553.0
2021-04-24 00:00:00,8.0,2021-04-24 08:00:00,404167,390334,6623,3563,3647,0.0,0.0,907,7210,889,697.0,4296.0,2217.0
2021-04-25 00:00:00,8.0,2021-04-25 08:00:00,405063,391301,6645,3399,3718,0.0,0.0,896,7117,967,1329.0,5213.0,575.0
2021-04-26 00:00:00,8.0,2021-04-26 08:00:00,405812,392595,6660,3152,3405,0.0,0.0,749,6557,1294,1112.0,4478.0,967.0
2021-04-27 00:00:00,8.0,2021-04-27 08:00:00,406205,393205,6679,2999,3322,0.0,0.0,393,6321,610,1327.0,4760.0,234.0
2021-04-28 00:00:00,8.0,2021-04-28 08:00:00,406844,393814,6690,2950,3390,0.0,0.0,639,6340,609,1208.0,4391.0,741.0
2021-04-29 00:00:00,8.0,2021-04-29 08:00:00,407831,394403,6710,3308,3410,0.0,0.0,987,6718,589,1012.0,4320.0,1386.0
2021-04-30 00:00:00,8.0,2021-04-30 08:00:00,408620,394939,6733,3421,3527,0.0,0.0,789,6948,536,1209.0,5210.0,529.0
2021-05-01 00:00:00,8.0,2021-05-01 08:00:00,409546,395644,6747,3533,3622,0.0,0.0,926,7155,705,1039.0,4940.0,1176.0
2021-05-02 00:00:00,8.0,2021-05-02 08:00:00,410400,396594,6767,3450,3589,0.0,0.0,854,7039,950,842.0,4574.0,1623.0
2021-05-03 00:00:00,8.0,2021-05-03 08:00:00,411157,397349,6788,3483,3537,0.0,0.0,757,7020,755,1349.0,5473.0,198.0
2021-05-04 00:00:00,8.0,2021-05-04 08:00:00,411573,397955,6807,3247,3564,0.0,0.0,416,6811,606,1182.0,5158.0,471.0
2021-05-05 00:00:00,8.0,2021-05-05 08:00:00,412418,398610,6830,3240,3738,0.0,0.0,845,6978,655,1102.0,4909.0,967.0
2021-05-06 00:00:00,8.0,2021-05-06 08:00:00,413323,399224,6850,3406,3843,0.0,0.0,905,7249,614,1172.0,5489.0,588.0
2021-05-07 00:00:00,8.0,2021-05-07 08:00:00,414106,399821,6872,3485,3928,0.0,0.0,783,7413,597,1131.0,5192.0,1090.0
2021-05-08 00:00:00,8.0,2021-05-08 08:00:00,414838,400403,6896,3569,3970,0.0,0.0,732,7539,582,947.0,5022.0,1570.0
2021-05-09 00:00:00,8.0,2021-05-09 08:00:00,415647,401114,6911,3648,3974,0.0,0.0,809,7622,711,836.0,4763.0,2023.0
2021-05-10 00:00:00,8.0,2021-05-10 08:00:00,416341,401744,6933,3723,3941,0.0,0.0,694,7664,630,1482.0,5810.0,372.0
2021-05-11 00:00:00,8.0,2021-05-11 08:00:00,416747,402374,6952,3490,3931,0.0,0.0,406,7421,630,1340.0,5531.0,550.0
2021-05-12 00:00:00,8.0,2021-05-12 08:00:00,417403,403039,6973,3402,3989,0.0,0.0,656,7391,665,1176.0,5298.0,917.0
2021-05-13 00:00:00,8.0,2021-05-13 08:00:00,418188,403630,6973,3630,3955,0.0,0.0,785,7585,591,1087.0,5013.0,1485.0
2021-05-14 00:00:00,8.0,2021-05-14 08:00:00,418820,404187,7003,3502,4128,0.0,0.0,632,7630,557,1294.0,5929.0,407.0
2021-05-15 00:00:00,8.0,2021-05-15 08:00:00,419047,404715,7066,3288,3978,0.0,0.0,227,7266,528,6055.0,637.0,574.0
2021-05-16 00:00:00,8.0,2021-05-16 08:00:00,419208,404980,7082,3189,3957,0.0,0.0,161,7146,265,1145.0,5333.0,668.0
2021-05-17 00:00:00,8.0,2021-05-17 08:00:00,419629,405229,7107,3158,4135,0.0,0.0,421,7293,249,1235.0,5834.0,224.0
2021-05-18 00:00:00,8.0,2021-05-18 08:00:00,419920,405357,7130,3248,4185,0.0,0.0,291,7433,128,1219.0,5793.0,421.0
2021-05-19 00:00:00,8.0,2021-05-19 08:00:00,420459,405535,7149,3366,4409,0.0,0.0,539,7775,178,1195.0,5818.0,762.0
2021-05-20 00:00:00,8.0,2021-05-20 08:00:00,421354,405714,7169,3797,4674,0.0,0.0,895,8471,179,1312.0,6599.0,560.0
2021-05-21 00:00:00,8.0,2021-05-21 08:00:00,422210,405918,7184,4142,4966,0.0,0.0,856,9108,204,1306.0,6655.0,1147.0
2021-05-22 00:00:00,8.0,2021-05-22 08:00:00,423142,406300,7196,4386,5260,0.0,0.0,932,9646,382,1556.0,7514.0,576.0
2021-05-23 00:00:00,8.0,2021-05-23 08:00:00,424009,406669,7207,4744,5389,0.0,0.0,867,10133,369,1479.0,7469.0,1185.0
2021-05-24 00:00:00,8.0,2021-05-24 08:00:00,424828,406987,7225,5079,5537,0.0,0.0,819,10616,318,1837.0,8217.0,562.0
2021-05-25 00:00:00,8.0,2021-05-25 08:00:00,425212,407493,7239,5017,5463,0.0,0.0,384,10480,506,1737.0,7878.0,865.0
2021-05-26 00:00:00,8.0,2021-05-26 08:00:00,425829,408019,7250,4993,5567,0.0,0.0,617,10560,526,1619.0,7619.0,1322.0
2021-05-27 00:00:00,8.0,2021-05-27 08:00:00,426769,408585,7271,5280,5633,0.0,0.0,940,10913,566,1937.0,8364.0,612.0
2021-05-28 00:00:00,8.0,2021-05-28 08:00:00,427462,409497,7288,5161,5516,0.0,0.0,693,10677,912,1658.0,7859.0,1160.0
2021-05-29 00:00:00,8.0,2021-05-29 08:00:00,428269,410508,7296,5004,5461,0.0,0.0,807,10465,1011,1557.0,7184.0,1724.0
2021-05-30 00:00:00,8.0,2021-05-30 08:00:00,429333,411495,7309,5100,5429,0.0,0.0,1064,10529,987,1375.0,6661.0,2493.0
2021-05-31 00:00:00,8.0,2021-05-31 08:00:00,430059,412074,7327,5241,5417,0.0,0.0,726,10658,579,2117.0,8023.0,518.0
2021-06-01 00:00:00,8.0,2021-06-01 08:00:00,430578,412593,7349,5214,5422,0.0,0.0,519,10636,519,1996.0,7706.0,934.0
2021-06-02 00:00:00,8.0,2021-06-02 08:00:00,431179,413179,7361,5178,5461,0.0,0.0,601,10639,586,1951.0,7330.0,1358.0
2021-06-03 00:00:00,8.0,2021-06-03 08:00:00,431893,413680,7381,5402,5430,0.0,0.0,714,10832,501,1811.0,7116.0,1905.0
2021-06-04 00:00:00,8.0,2021-06-04 08:00:00,432799,414496,7402,5414,5487,0.0,0.0,906,10901,816,2618.0,7650.0,633.0
2021-06-05 00:00:00,8.0,2021-06-05 08:00:00,434116,415317,7423,5756,5620,0.0,0.0,1317,11376,821,2404.0,7279.0,1693.0
2021-06-06 00:00:00,8.0,2021-06-06 08:00:00,435135,416181,7438,5966,5550,0.0,0.0,1019,11516,864,1901.0,7135.0,2480.0
2021-06-07 00:00:00,8.0,2021-06-07 08:00:00,436332,416994,7457,6261,5620,0.0,0.0,1197,11881,813,2412.0,8576.0,893.0
2021-06-08 00:00:00,8.0,2021-06-08 08:00:00,437087,417997,7478,6057,5555,0.0,0.0,755,11612,1003,2186.0,7949.0,1477.0
2021-06-09 00:00:00,8.0,2021-06-09 08:00:00,438458,419109,7499,6120,5730,0.0,0.0,1371,11850,1112,1992.0,7270.0,2588.0
2021-06-10 00:00:00,8.0,2021-06-10 08:00:00,440554,420211,7523,6991,5829,0.0,0.0,2096,12820,1102,1789.0,6881.0,4150.0
2021-06-11 00:00:00,8.0,2021-06-11 08:00:00,442847,421396,7543,7750,6158,0.0,0.0,2293,13908,1185,1456.0,6442.0,6010.0
2021-06-12 00:00:00,8.0,2021-06-12 08:00:00,445302,422121,7557,8855,6769,0.0,0.0,2455,15624,725,1289.0,6395.0,7940.0
2021-06-13 00:00:00,8.0,2021-06-13 08:00:00,448071,423056,7571,10034,7410,0.0,0.0,2769,17444,935,1117.0,6352.0,9975.0
2021-06-14 00:00:00,8.0,2021-06-14 08:00:00,450793,424088,7609,11240,7856,0.0,0.0,2722,19096,1032,4032.0,13945.0,1119.0
2021-06-15 00:00:00,8.0,2021-06-15 08:00:00,452295,425417,7634,11102,8142,0.0,0.0,1502,19244,1329,3746.0,13108.0,2390.0
2021-06-16 00:00:00,8.0,2021-06-16 08:00:00,454671,426695,7665,11555,8756,0.0,0.0,2376,20311,1278,3458.0,12419.0,4434.0
2021-06-17 00:00:00,8.0,2021-06-17 08:00:00,458815,428764,7713,13054,9284,0.0,0.0,4144,22338,2069,2882.0,11788.0,7668.0
2021-06-18 00:00:00,8.0,2021-06-18 08:00:00,463552,431264,7777,14951,9560,0.0,0.0,4737,24511,2500,2531.0,10655.0,11325.0
2021-06-19 00:00:00,8.0,2021-06-19 08:00:00,468447,433499,7836,16787,10325,0.0,0.0,4895,27112,2235,1840.0,9740.0,15532.0
2021-06-20 00:00:00,8.0,2021-06-20 08:00:00,474029,435982,7905,19105,11037,0.0,0.0,5582,30142,2483,1325.0,8734.0,20083.0
2021-06-21 00:00:00,8.0,2021-06-21 08:00:00,479043,439007,7976,20717,11343,0.0,0.0,5014,32060,3025,8039.0,19670.0,4351.0
2021-06-22 00:00:00,8.0,2021-06-22 08:00:00,482264,442059,8014,21167,11024,0.0,0.0,3221,32191,3052,6351.0,16241.0,9599.0
2021-06-23 00:00:00,8.0,2021-06-23 08:00:00,486957,443195,8057,22868,12837,0.0,0.0,4693,35705,1136,6163.0,15906.0,13636.0
2021-06-24 00:00:00,8.0,2021-06-24 08:00:00,494462,445718,8107,26403,14234,0.0,0.0,7505,40637,2523,5567.0,15624.0,19446.0
2021-06-25 00:00:00,8.0,2021-06-25 08:00:00,501396,448288,8177,29325,15606,0.0,0.0,6934,44931,2570,5170.0,14668.0,25093.0
2021-06-26 00:00:00,8.0,2021-06-26 08:00:00,510667,451013,8220,33829,17605,0.0,0.0,9271,51434,2725,4381.0,14547.0,32506.0
2021-06-27 00:00:00,8.0,2021-06-27 08:00:00,520061,454497,8269,38464,18831,0.0,0.0,9394,57295,3484,3484.0,13789.0,40022.0
2021-06-28 00:00:00,8.0,2021-06-28 08:00:00,528409,457935,8348,42252,19874,0.0,0.0,8348,62126,3438,17144.0,29461.0,15521.0
2021-06-29 00:00:00,8.0,2021-06-29 08:00:00,535788,461439,8426,45504,20419,0.0,0.0,7379,65923,3504,15706.0,28925.0,21292.0
2021-06-30 00:00:00,8.0,2021-06-30 08:00:00,543468,464943,8486,47829,22210,0.0,0.0,7680,70039,3504,14940.0,27514.0,27585.0
2021-07-01 00:00:00,8.0,2021-07-01 08:00:00,551009,468461,8528,49836,24184,0.0,0.0,7541,74020,3518,13902.0,26151.0,33967.0
2021-07-02 00:00:00,8.0,2021-07-02 08:00:00,560408,473467,8547,53014,25380,0.0,0.0,9399,78394,5006,12103.0,25076.0,41215.0
2021-07-03 00:00:00,8.0,2021-07-03 08:00:00,570110,479150,8577,54941,27442,0.0,0.0,9702,82383,5683,11310.0,21941.0,49132.0
2021-07-04 00:00:00,8.0,2021-07-04 08:00:00,580595,484949,8652,59307,27687,0.0,0.0,10485,86994,5799,8799.0,20101.0,58094.0
2021-07-05 00:00:00,8.0,2021-07-05 08:00:00,591498,491556,8779,62873,28290,0.0,0.0,10903,91163,6607,7598.0,20096.0,63469.0
2021-07-06 00:00:00,8.0,2021-07-06 08:00:00,600937,497492,8861,65448,29136,0.0,0.0,9439,94584,5936,18451.0,60476.0,15657.0
2021-07-07 00:00:00,8.0,2021-07-07 08:00:00,610303,501199,9042,69644,30418,0.0,0.0,9366,100062,3707,18376.0,57521.0,24165.0
2021-07-08 00:00:00,8.0,2021-07-08 08:00:00,623277,512085,9110,72361,29721,0.0,0.0,12974,102082,10886,14748.0,50824.0,36510.0
2021-07-09 00:00:00,8.0,2021-07-09 08:00:00,636389,526941,9306,73239,26903,0.0,0.0,13112,100142,14856,10095.0,40727.0,49320.0
2021-07-10 00:00:00,8.0,2021-07-10 08:00:00,649309,543867,9357,71812,24273,0.0,0.0,12920,96085,16926,7999.0,26379.0,61707.0
2021-07-11 00:00:00,8.0,2021-07-11 08:00:00,662442,564437,9395,68251,20359,0.0,0.0,13133,88610,20570,4769.0,12893.0,70948.0
2021-07-12 00:00:00,8.0,2021-07-12 08:00:00,677061,584912,9462,66581,16106,0.0,0.0,14619,82687,20475,17649.0,25597.0,39441.0
2021-07-13 00:00:00,8.0,2021-07-13 08:00:00,689243,589486,9541,71848,18368,0.0,0.0,12182,90216,4574,16957.0,22339.0,50920.0
2021-07-14 00:00:00,8.0,2021-07-14 08:00:00,701910,592556,9603,78571,21180,0.0,0.0,12667,99751,3070,32752.0,54463.0,12536.0
2021-07-15 00:00:00,8.0,2021-07-15 08:00:00,714601,595582,9743,86298,22978,0.0,0.0,12691,109276,3026,31922.0,52360.0,24994.0
